sold_date,property_type,address,city,state,zip_code,price,beds,baths,location,square_feet,lot_size,year_built,price_per_sqft,hoa_month,url,mls_id,latitude,longitude
2025-11-18,Single Family Residential,44 E Bare Hill Rd,Harvard,MA,1451.0,575000.0,2.0,2.0,Harvard,1213.0,10890.0,1985.0,474.0,,https://www.redfin.com/MA/Harvard/44-E-Bare-Hill-Rd-01451/home/14814836,73435006.0,42.477159,-71.5804857
2025-06-20,Single Family Residential,4 Willow Rd,Harvard,MA,1451.0,1215000.0,4.0,3.5,Harvard,3502.0,43996.0,1993.0,347.0,,https://www.redfin.com/MA/Harvard/4-Willow-Rd-01451/home/14815608,73363438.0,42.4998319,-71.5918212
2025-12-18,Condo/Co-op,11 Fairbanks St #4,Harvard,MA,1451.0,409940.0,2.0,1.0,Harvard,960.0,10890.0,1850.0,427.0,350.0,https://www.redfin.com/MA/Harvard/11-Fairbanks-St-01451/unit-4/home/40938597,73461754.0,42.5006521,-71.5826583
2025-07-31,Condo/Co-op,11 Fairbanks St #3,Harvard,MA,1451.0,483000.0,2.0,1.0,Harvard,1137.0,10890.0,1850.0,425.0,300.0,https://www.redfin.com/MA/Harvard/11-Fairbanks-St-01451/unit-3/home/40938607,73396085.0,42.5006521,-71.5826583
2025-08-11,Condo/Co-op,11R Pine Hill Way #11,Harvard,MA,1451.0,750000.0,2.0,2.5,Harvard,2268.0,,2025.0,331.0,614.0,https://www.redfin.com/MA/Harvard/11-Pine-Hill-Way-01451/unit-11/home/195104467,73348241.0,42.462726,-71.561194
2025-12-05,Single Family Residential,4 Bolton Rd,Harvard,MA,1451.0,1050000.0,5.0,1.5,Harvard,2660.0,143748.0,1915.0,395.0,,https://www.redfin.com/MA/Harvard/4-Bolton-Rd-01451/home/14815169,73447124.0,42.4948967,-71.5825257
2025-10-17,Condo/Co-op,2 Littleton #3,Harvard,MA,1451.0,435000.0,2.0,1.5,Harvard,1173.0,9147.0,1830.0,371.0,350.0,https://www.redfin.com/MA/Harvard/2-Littleton-Rd-01451/unit-3/home/194457772,73419084.0,42.5014441,-71.5833138
2025-07-15,Single Family Residential,15 Bowers Rd,Harvard,MA,1451.0,406000.0,2.0,1.0,Harvard,984.0,84071.0,1962.0,413.0,,https://www.redfin.com/MA/Harvard/15-Bowers-Rd-01451/home/14815072,73384114.0,42.4776158,-71.6033882
2025-06-10,Single Family Residential,17 Candleberry Ln,Harvard,MA,1451.0,1349000.0,4.0,3.5,Harvard,4414.0,122839.0,1987.0,306.0,,https://www.redfin.com/MA/Harvard/17-Candleberry-Ln-01451/home/14814733,73366548.0,42.4714247,-71.6112692
2025-08-25,Single Family Residential,13 Jacob Gates Rd,Harvard,MA,1451.0,925113.0,4.0,2.5,Harvard,3302.0,113691.0,1983.0,280.0,,https://www.redfin.com/MA/Harvard/13-Jacob-Gates-Rd-01451/home/14815266,73382781.0,42.4737881,-71.5675503
2025-08-04,Townhouse,35 Lancaster County Rd Unit 9A,Harvard,MA,1451.0,685000.0,3.0,2.5,Harvard,2325.0,,1998.0,295.0,505.0,https://www.redfin.com/MA/Harvard/35-Lancaster-County-Rd-01451/unit-9A/home/14814566,73394401.0,42.5278284,-71.5814964
2025-06-30,Single Family Residential,16A South Shaker,Harvard,MA,1451.0,1200000.0,4.0,4.0,Harvard,4000.0,370696.0,1997.0,300.0,,https://www.redfin.com/MA/Harvard/16-A-S-Shaker-Rd-01451/home/171223460,73353920.0,42.530736,-71.573026
2025-04-16,Single Family Residential,125 West Bare Hill Rd,Harvard,MA,1451.0,1170000.0,4.0,2.5,Harvard,2628.0,157687.0,1980.0,445.0,,https://www.redfin.com/MA/Harvard/125-W-Bare-Hill-Rd-01451/home/14814745,73342084.0,42.4740265,-71.6079314
2025-03-31,Single Family Residential,46 Warren Ave,Harvard,MA,1451.0,1550000.0,4.0,3.0,Harvard,3000.0,435600.0,1981.0,517.0,,https://www.redfin.com/MA/Harvard/46-Warren-Ave-01451/home/18444190,73333325.0,42.4907648,-71.5902681
2025-06-20,Single Family Residential,37 Blanchard Rd,Harvard,MA,1451.0,500000.0,2.0,1.0,Harvard,1118.0,65340.0,1971.0,447.0,,https://www.redfin.com/MA/Harvard/37-Blanchard-Rd-01451/home/14815937,73368673.0,42.5305296,-71.5923544
2025-08-07,Multi-Family (2-4 Unit),228 Old Littleton Rd,Harvard,MA,1451.0,535000.0,3.0,2.5,Harvard,1500.0,348480.0,1941.0,357.0,,https://www.redfin.com/MA/Harvard/228-Old-Littleton-Rd-01451/home/14815708,73397984.0,42.5141853,-71.5479375
2025-08-11,Single Family Residential,28 Candleberry Ln,Harvard,MA,1451.0,1351000.0,4.0,2.5,Harvard,4083.0,65340.0,1981.0,331.0,,https://www.redfin.com/MA/Harvard/28-Candleberry-Ln-01451/home/14814710,73389117.0,42.4707298,-71.6104347
2025-07-25,Single Family Residential,21 Still River Rd,Harvard,MA,1451.0,1150000.0,4.0,2.5,Harvard,2655.0,87120.0,1851.0,433.0,,https://www.redfin.com/MA/Harvard/21-Still-River-Rd-01451/home/14815617,73391907.0,42.500164,-71.5876719
2025-11-20,Townhouse,5 Trail Ridge Way Unit C,Harvard,MA,1451.0,595000.0,2.0,2.5,Harvard,1993.0,,2008.0,299.0,542.0,https://www.redfin.com/MA/Harvard/5-Trail-Ridge-Way-01451/unit-C/home/14814466,73408274.0,42.5070429,-71.539487
2025-03-31,Single Family Residential,15 Abbot Ln,Harvard,MA,1451.0,1060000.0,4.0,2.5,Harvard,3274.0,273994.0,1976.0,324.0,,https://www.redfin.com/MA/Harvard/15-Abbot-Ln-01451/home/14815245,73338787.0,42.465046,-71.5960632
2025-05-12,Single Family Residential,75 Westcott Rd,Harvard,MA,1451.0,1150000.0,5.0,4.0,Harvard,3614.0,210830.0,1972.0,318.0,,https://www.redfin.com/MA/Harvard/75-Westcott-Rd-01451/home/14814816,73354402.0,42.4771918,-71.5683848
2025-11-06,Condo/Co-op,2 Littleton Rd #1,Harvard,MA,1451.0,545700.0,2.0,1.5,Harvard,1564.0,9147.0,1830.0,349.0,350.0,https://www.redfin.com/MA/Harvard/2-Littleton-Rd-01451/unit-1/home/198122521,73433610.0,42.5014441,-71.5833138
2025-11-06,Single Family Residential,38 Mill Rd,Harvard,MA,1451.0,924900.0,3.0,2.5,Harvard,2412.0,118919.0,2002.0,383.0,,https://www.redfin.com/MA/Harvard/38-Mill-Rd-01451/home/14814546,73433240.0,42.5143859,-71.585771
2025-04-04,Single Family Residential,15 Still River Depot Rd,Harvard,MA,1451.0,1400000.0,4.0,3.0,Harvard,4357.0,89298.0,1987.0,321.0,,https://www.redfin.com/MA/Harvard/15-Still-River-Depot-Rd-01451/home/23474804,73345322.0,42.4912834,-71.6228424
2025-06-18,Townhouse,6 Bates St Unit C,Devens,MA,1434.0,425000.0,2.0,1.5,Devens,1344.0,,2012.0,316.0,380.0,https://www.redfin.com/MA/Devens/6-Bates-St-01434/unit-C/home/44580164,73361785.0,42.5444237,-71.6041763
2025-04-29,Townhouse,27 Elm Rd Unit D,Devens,MA,1434.0,510000.0,4.0,3.5,Devens,2320.0,,1931.0,220.0,484.0,https://www.redfin.com/MA/Devens/27-Elm-Rd-01434/unit-D/home/167100193,73347791.0,42.5434921,-71.6123123
2025-10-31,Single Family Residential,100 Ayer Rd,Harvard,MA,1451.0,900000.0,4.0,3.0,Harvard,3178.0,113256.0,1986.0,283.0,,https://www.redfin.com/MA/Harvard/100-Ayer-Rd-01451/home/14815827,73426082.0,42.5141913,-71.5816911
2025-06-12,Single Family Residential,99 Depot Rd,Harvard,MA,1451.0,755000.0,3.0,2.0,Harvard,1638.0,169012.0,1969.0,461.0,,https://www.redfin.com/MA/Harvard/99-Depot-Rd-01451/home/14815893,73364724.0,42.5152805,-71.5967587
2025-07-29,Single Family Residential,239 Stow Rd,Harvard,MA,1451.0,1000000.0,3.0,2.0,Harvard,2166.0,137650.0,1720.0,462.0,,https://www.redfin.com/MA/Harvard/239-Stow-Rd-01451/home/14814918,73367154.0,42.4655131,-71.5563762
2025-07-18,Townhouse,2C Trail Ridge Way Bldg 5B,Harvard,MA,1451.0,201782.0,2.0,2.5,Harvard,2148.0,,2017.0,94.0,201.0,https://www.redfin.com/MA/Harvard/2-C-Trail-Ridge-Way-01451/unit-5B/home/195859588,73377912.0,42.5083007,-71.5397109
2025-05-22,Single Family Residential,109 East Bare Hill Rd,Harvard,MA,1451.0,1130000.0,3.0,3.5,Harvard,2856.0,171190.0,1980.0,396.0,,https://www.redfin.com/MA/Harvard/109-E-Bare-Hill-Rd-01451/home/14814978,73352962.0,42.4694808,-71.5822939
2025-05-19,Single Family Residential,232 Ayer Rd,Harvard,MA,1451.0,695000.0,3.0,2.0,Harvard,2160.0,37462.0,1956.0,322.0,,https://www.redfin.com/MA/Harvard/232-Ayer-Rd-01451/home/14815922,73352851.0,42.5313477,-71.5766144
2025-04-15,Single Family Residential,12 Glenview Dr,Harvard,MA,1451.0,1230000.0,4.0,3.5,Harvard,3706.0,67082.0,2004.0,332.0,,https://www.redfin.com/MA/Harvard/12-Glenview-Dr-01451/home/14816029,73337388.0,42.5345209,-71.5693816
2025-12-03,Townhouse,55 Littleton Rd Unit 15A,Ayer,MA,1432.0,360000.0,2.0,1.5,Ayer,1082.0,,1994.0,333.0,376.0,https://www.redfin.com/MA/Ayer/55-Littleton-Rd-01432/unit-15A/home/11375162,73448900.0,42.5472564,-71.5613837
2025-05-05,Single Family Residential,42 Walnut St,Devens,MA,1434.0,525000.0,3.0,1.5,Harvard Hills,1783.0,19149.0,1931.0,294.0,84.0,https://www.redfin.com/MA/Devens/42-Walnut-St-01434/home/12468713,73356627.0,42.5438193,-71.616415
2025-08-01,Single Family Residential,87 Old Littleton Rd,Harvard,MA,1451.0,1310000.0,4.0,3.5,Harvard,4378.0,524898.0,1750.0,299.0,,https://www.redfin.com/MA/Harvard/87-Old-Littleton-Rd-01451/home/14815491,73376448.0,42.5039567,-71.5692889
2025-08-26,Single Family Residential,97 Old Mill Rd,Harvard,MA,1451.0,895000.0,3.0,2.0,Harvard,2591.0,65340.0,1971.0,345.0,,https://www.redfin.com/MA/Harvard/97-Old-Mill-Rd-01451/home/14816094,73406208.0,42.5319256,-71.5927253
2025-04-25,Single Family Residential,54 Ayer Rd,Harvard,MA,1451.0,825000.0,4.0,2.5,Harvard,2184.0,43560.0,1966.0,378.0,,https://www.redfin.com/MA/Harvard/54-Ayer-Rd-01451/home/14815643,73344686.0,42.5081467,-71.5841483
2025-09-30,Townhouse,6B Trail Ridge Way Unit 6B,Harvard,MA,1451.0,215675.0,2.0,2.5,Harvard,2054.0,,2019.0,105.0,201.0,https://www.redfin.com/MA/Harvard/6-B-Trail-Ridge-Way-01451/unit-6B/home/196684263,73410682.0,42.5077133,-71.5400314
2025-07-29,Condo/Co-op,9 Baldwin Ct #9,Harvard,MA,1451.0,780000.0,2.0,2.5,Harvard,2486.0,,2021.0,314.0,512.0,https://www.redfin.com/MA/Harvard/9-Baldwin-Ct-01451/unit-9/home/195973019,73384037.0,42.5484076,-71.5725576
2025-10-14,Townhouse,55 Littleton Rd Unit 1C,Ayer,MA,1432.0,360000.0,2.0,1.5,Ayer,1094.0,,1988.0,329.0,353.0,https://www.redfin.com/MA/Ayer/55-Littleton-Rd-01432/unit-1C/home/11374956,73425352.0,42.5472588,-71.5613775
2025-05-01,Single Family Residential,33 Craggs Rd,Harvard,MA,1451.0,775000.0,4.0,2.0,Harvard,1911.0,45738.0,1966.0,406.0,,https://www.redfin.com/MA/Harvard/33-Craggs-Rd-01451/home/14815871,73345578.0,42.5166872,-71.5950665
2025-07-28,Single Family Residential,8 Deerfoot Trl,Harvard,MA,1451.0,533000.0,3.0,2.5,Harvard,2480.0,74923.0,1968.0,215.0,,https://www.redfin.com/MA/Harvard/8-Deerfoot-Trl-01451/home/14814985,73373367.0,42.4694804,-71.5809493
2026-01-12,Single Family Residential,332 Old Littleton Rd,Harvard,MA,1451.0,660000.0,3.0,1.5,Harvard,1889.0,134165.0,1981.0,349.0,,https://www.redfin.com/MA/Harvard/332-Old-Littleton-Rd-01451/home/14816152,73454238.0,42.5251441,-71.5375975
2025-08-18,Townhouse,35 Lancaster County Rd Unit 7C,Harvard,MA,1451.0,715000.0,2.0,2.5,Harvard,2271.0,,1999.0,315.0,381.0,https://www.redfin.com/MA/Harvard/35-Lancaster-County-Rd-01451/unit-7C/home/14814574,73397733.0,42.5278284,-71.5814964
2025-06-25,Single Family Residential,34 Mill Rd,Harvard,MA,1451.0,1265000.0,4.0,2.5,Harvard,3380.0,120226.0,2000.0,374.0,,https://www.redfin.com/MA/Harvard/34-Mill-Rd-01451/home/14814547,73367340.0,42.5141521,-71.5863737
2025-08-28,Single Family Residential,4 Prospect Hill Rd,Harvard,MA,1451.0,750000.0,3.0,2.5,Harvard,2460.0,65776.0,1973.0,305.0,,https://www.redfin.com/MA/Harvard/4-Prospect-Hill-Rd-01451/home/14815880,73396906.0,42.5182883,-71.5987985
2026-02-26,Townhouse,55 Littleton Rd Unit 8B,Ayer,MA,1432.0,350000.0,2.0,1.5,Ayer,1082.0,,1994.0,323.0,415.0,https://www.redfin.com/MA/Ayer/55-Littleton-Rd-01432/unit-8B/home/11375068,73466076.0,42.5472564,-71.5613837
2025-07-30,Single Family Residential,9 Warren Ave,Harvard,MA,1451.0,835000.0,2.0,2.0,Harvard,2664.0,52272.0,1955.0,313.0,,https://www.redfin.com/MA/Harvard/9-Warren-Ave-01451/home/14815164,73389839.0,42.4948159,-71.5839397
2025-11-03,Townhouse,15 Littleton Rd Unit 1B,Harvard,MA,1451.0,665000.0,2.0,2.5,Harvard,1801.0,,2012.0,369.0,610.0,https://www.redfin.com/MA/Harvard/15-Littleton-Rd-01451/unit-1B/home/17063803,73429797.0,42.5031243,-71.5827111
2025-05-30,Single Family Residential,145 Littleton Rd,Harvard,MA,1451.0,825000.0,4.0,2.5,Harvard,3730.0,156816.0,1999.0,221.0,,https://www.redfin.com/MA/Harvard/145-Littleton-Rd-01451/home/14815810,73350253.0,42.5139908,-71.5643974
2025-07-11,Single Family Residential,14 Barton Rd,Harvard,MA,1451.0,1350000.0,4.0,3.5,Harvard,4332.0,67518.0,2004.0,312.0,,https://www.redfin.com/MA/Harvard/14-Barton-Rd-01451/home/14814527,73361567.0,42.4762898,-71.5893409
2025-05-29,Single Family Residential,36 Bolton Rd,Harvard,MA,1451.0,1300000.0,4.0,3.5,Harvard,2916.0,76230.0,1785.0,446.0,,https://www.redfin.com/MA/Harvard/36-Bolton-Rd-01451/home/14815588,73349746.0,42.4906182,-71.5828966
2025-11-20,Single Family Residential,216 Old Littleton Rd,Harvard,MA,1451.0,1125000.0,5.0,3.5,Harvard,4591.0,96268.0,1980.0,245.0,,https://www.redfin.com/MA/Harvard/216-Old-Littleton-Rd-01451/home/14815705,73431972.0,42.5127775,-71.5492821
2025-11-25,Single Family Residential,15 Withington Ln,Harvard,MA,1451.0,785000.0,4.0,2.5,Harvard,2711.0,43560.0,1969.0,290.0,,https://www.redfin.com/MA/Harvard/15-Withington-Ln-01451/home/14814906,73436123.0,42.4573897,-71.5521569
2026-01-14,Vacant Land,25 Madigan Ln,Harvard,MA,1451.0,575000.0,,,Harvard,,174240.0,,,,https://www.redfin.com/MA/Harvard/25-Madigan-Ln-01451/home/198035618,73431812.0,42.5005616,-71.6011503
2025-11-21,Single Family Residential,4 Highland Ave,Harvard,MA,1451.0,375000.0,2.0,1.0,Harvard,876.0,,1955.0,428.0,,https://www.redfin.com/MA/Harvard/4-Highland-AVE-01451/home/198409559,73438741.0,42.485895,-71.604295
2025-08-13,Townhouse,9 Pine Hill Way Unit B,Harvard,MA,1451.0,429900.0,2.0,1.5,Harvard,918.0,,2025.0,468.0,460.0,https://www.redfin.com/MA/Harvard/9-C-Pine-Hill-Way-01451/unit-B/home/195596080,73369064.0,42.4629686,-71.5619907
2025-06-16,Townhouse,35 Lancaster County Rd Unit 9C,Harvard,MA,1451.0,690000.0,2.0,2.5,Harvard,2667.0,,1998.0,259.0,448.0,https://www.redfin.com/MA/Harvard/35-Lancaster-County-Rd-01451/unit-9C/home/14814578,73351315.0,42.5278284,-71.5814964
2025-12-17,Single Family Residential,24 Fairbanks St,Harvard,MA,1451.0,921500.0,4.0,2.0,Harvard,2183.0,32670.0,1849.0,422.0,,https://www.redfin.com/MA/Harvard/24-Fairbanks-St-01451/home/14815760,73438798.0,42.4991337,-71.5814593
2025-10-21,Single Family Residential,95 Ann Lee Rd,Harvard,MA,1451.0,1198000.0,4.0,3.0,Harvard,2805.0,70567.0,1981.0,427.0,,https://www.redfin.com/MA/Harvard/95-Ann-Lee-Rd-01451/home/14816288,73412002.0,42.5429547,-71.5656029
2025-05-29,Single Family Residential,67 Poor Farm Rd,Harvard,MA,1451.0,1300000.0,4.0,2.5,Harvard,3228.0,354578.0,1882.0,403.0,,https://www.redfin.com/MA/Harvard/67-Poor-Farm-Rd-01451/home/14816261,73337886.0,42.5242331,-71.5684775
2025-08-05,Single Family Residential,74 Littleton County Rd,Harvard,MA,1451.0,975000.0,4.0,2.0,Harvard,3404.0,82764.0,1977.0,286.0,,https://www.redfin.com/MA/Harvard/74-Littleton-County-Rd-01451/home/14815468,73375858.0,42.4996724,-71.5563299
2025-08-11,Single Family Residential,79 Shaker,Harvard,MA,1451.0,850000.0,3.0,2.5,Harvard,4135.0,49658.0,1795.0,206.0,,https://www.redfin.com/MA/Harvard/79-Shaker-Rd-01451/home/14816068,73351945.0,42.5356665,-71.5545216
2026-01-30,Single Family Residential,19 Barton Rd,Harvard,MA,1451.0,1090000.0,3.0,2.5,Harvard,2794.0,56192.0,2005.0,390.0,,https://www.redfin.com/MA/Harvard/19-Barton-Rd-01451/home/14814825,73429565.0,42.4770113,-71.5883209
2025-08-07,Townhouse,12 Trail Ridge Way Unit A,Harvard,MA,1451.0,714000.0,2.0,2.5,Harvard,2345.0,,2020.0,304.0,597.0,https://www.redfin.com/MA/Harvard/12-Trail-Ridge-Way-01451/unit-A/home/178445541,73369979.0,42.506824,-71.540351
2025-06-02,Single Family Residential,324 Still River Rd,Harvard,MA,1451.0,1890000.0,4.0,2.5,Harvard,4288.0,422532.0,1997.0,441.0,,https://www.redfin.com/MA/Harvard/324-Still-River-Rd-01451/home/14815107,73301169.0,42.4769594,-71.6231831
2025-09-02,Single Family Residential,112 Littleton County Rd,Harvard,MA,1451.0,830000.0,3.0,3.0,Harvard,2526.0,189050.0,1976.0,329.0,,https://www.redfin.com/MA/Harvard/112-Littleton-County-Rd-01451/home/14815444,73370573.0,42.503661,-71.549887
2025-12-05,Single Family Residential,159 West Bare Hill Rd,Harvard,MA,1451.0,1010000.0,4.0,2.5,Harvard,3212.0,65776.0,1968.0,314.0,,https://www.redfin.com/MA/Harvard/159-W-Bare-Hill-Rd-01451/home/14814738,73406106.0,42.4746788,-71.6145606
2025-10-28,Single Family Residential,14 Cavite St,Devens,MA,1434.0,950000.0,4.0,2.0,Devens,2433.0,15403.0,2012.0,390.0,,https://www.redfin.com/MA/Devens/14-Cavite-St-01434/home/167088414,73381313.0,42.5439002,-71.6059379
2025-08-25,Townhouse,18 Pine Hill Way Unit A,Harvard,MA,1451.0,560000.0,2.0,2.5,Harvard,1548.0,,2024.0,362.0,482.0,https://www.redfin.com/MA/Harvard/18-Pine-Hill-Way-01451/unit-A/home/193092670,73301870.0,42.462726,-71.561194
2025-12-12,Condo/Co-op,166 Littleton #3,Harvard,MA,1451.0,640000.0,3.0,2.5,Harvard,2343.0,,1800.0,273.0,350.0,https://www.redfin.com/MA/Harvard/166-Littleton-Rd-01451/unit-3/home/171407735,73392189.0,42.516285,-71.5612446
2025-12-30,Vacant Land,87 Ayer Rd,Harvard,MA,1451.0,1350000.0,,,Harvard,,1273258.0,,,,https://www.redfin.com/MA/Harvard/87-Ayer-Rd-01451/home/14815833,73395434.0,42.5127583,-71.5826648
2025-12-18,Condo/Co-op,11 Fairbanks St #2,Harvard,MA,1451.0,450110.0,2.0,1.0,Harvard,1066.0,10890.0,1850.0,422.0,300.0,https://www.redfin.com/MA/Harvard/11-Fairbanks-St-01451/unit-2/home/40938614,73396925.0,42.5006521,-71.5826583
2025-08-14,Vacant Land,0 Pinnacle Rd,Harvard,MA,1451.0,550000.0,,,Harvard,,378971.0,,,,https://www.redfin.com/MA/Harvard/0-Pinnacle-Rd-01451/home/178369466,73304358.0,42.4999004,-71.560624
2026-01-22,Multi-Family (2-4 Unit),5 Fairbank St,Harvard,MA,1451.0,1200500.0,6.0,5.0,Harvard,5840.0,22651.0,1880.0,206.0,,https://www.redfin.com/MA/Harvard/5-Fairbanks-St-01451/home/14815512,73317219.0,42.5013391,-71.5831284
